SpatialDim,ParentLocationCode_x,TimeDimensionValue_x,FEMALE_L_PER_CAPITA,MALE_L_PER_CAPITA,BOTH_SEX_L_PER_CAPITA,Id,IndicatorCode,SpatialDimType,TimeDimType,ParentLocationCode_y,ParentLocation,Dim1Type,Dim1,TimeDim,Dim2Type,Dim2,Dim3Type,Dim3,DataSourceDimType,DataSourceDim,Value,NumericValue,Low,High,Comments,Date,TimeDimensionValue_y,TimeDimensionBegin,TimeDimensionEnd
AFG,EMR,2018,0.1,0.4,0.2,5317812,TAXBEV_MOSTSOLDSPIRIT,COUNTRY,YEAR,EMR,Eastern Mediterranean,BEVERAGETYPE,BEVERAGETYPE_ALCOHOLIC,2022,BEVERAGE,BEVERAGE_BEV_SPIRITS,,,,,,,,,,2023-10-23T16:11:38+02:00,2022,2022-01-01T00:00:00+01:00,2022-12-31T00:00:00+01:00
AGO,AFR,2018,3.1,11.1,6.9,5317813,TAXBEV_MOSTSOLDSPIRIT,COUNTRY,YEAR,AFR,Africa,BEVERAGETYPE,BEVERAGETYPE_ALCOHOLIC,2022,BEVERAGE,BEVERAGE_BEV_SPIRITS,,,,,,,,,,2023-10-23T16:11:37+02:00,2022,2022-01-01T00:00:00+01:00,2022-12-31T00:00:00+01:00
ALB,EUR,2018,2.7,11.6,7.2,5317814,TAXBEV_MOSTSOLDSPIRIT,COUNTRY,YEAR,EUR,Europe,BEVERAGETYPE,BEVERAGETYPE_ALCOHOLIC,2022,BEVERAGE,BEVERAGE_BEV_SPIRITS,,,,,Brandy,,,,,2023-10-23T16:11:39+02:00,2022,2022-01-01T00:00:00+01:00,2022-12-31T00:00:00+01:00
AND,EUR,2018,5.2,17.2,11.0,5317815,TAXBEV_MOSTSOLDSPIRIT,COUNTRY,YEAR,EUR,Europe,BEVERAGETYPE,BEVERAGETYPE_ALCOHOLIC,2022,BEVERAGE,BEVERAGE_BEV_SPIRITS,,,,,,,,,,2023-10-23T16:11:39+02:00,2022,2022-01-01T00:00:00+01:00,2022-12-31T00:00:00+01:00
ARE,EMR,2018,0.8,4.9,3.9,5317816,TAXBEV_MOSTSOLDSPIRIT,COUNTRY,YEAR,EMR,Eastern Mediterranean,BEVERAGETYPE,BEVERAGETYPE_ALCOHOLIC,2022,BEVERAGE,BEVERAGE_BEV_SPIRITS,,,,,,,,,,2023-10-23T16:11:38+02:00,2022,2022-01-01T00:00:00+01:00,2022-12-31T00:00:00+01:00
ARG,AMR,2018,4.7,14.9,9.7,5317817,TAXBEV_MOSTSOLDSPIRIT,COUNTRY,YEAR,AMR,Americas,BEVERAGETYPE,BEVERAGETYPE_ALCOHOLIC,2022,BEVERAGE,BEVERAGE_BEV_SPIRITS,,,,,Fernet,,,,,2023-10-23T16:11:38+02:00,2022,2022-01-01T00:00:00+01:00,2022-12-31T00:00:00+01:00
ARM,EUR,2018,2.6,9.1,5.6,5317818,TAXBEV_MOSTSOLDSPIRIT,COUNTRY,YEAR,EUR,Europe,BEVERAGETYPE,BEVERAGETYPE_ALCOHOLIC,2022,BEVERAGE,BEVERAGE_BEV_SPIRITS,,,,,,,,,,2023-10-23T16:11:39+02:00,2022,2022-01-01T00:00:00+01:00,2022-12-31T00:00:00+01:00
ATG,AMR,2018,2.9,10.3,6.4,5317819,TAXBEV_MOSTSOLDSPIRIT,COUNTRY,YEAR,AMR,Americas,BEVERAGETYPE,BEVERAGETYPE_ALCOHOLIC,2022,BEVERAGE,BEVERAGE_BEV_SPIRITS,,,,,Rum,,,,,2023-10-23T16:11:38+02:00,2022,2022-01-01T00:00:00+01:00,2022-12-31T00:00:00+01:00
AUS,WPR,2018,5.2,16.0,10.5,5317820,TAXBEV_MOSTSOLDSPIRIT,COUNTRY,YEAR,WPR,Western Pacific,BEVERAGETYPE,BEVERAGETYPE_ALCOHOLIC,2022,BEVERAGE,BEVERAGE_BEV_SPIRITS,,,,,Whisky,,,,,2023-10-23T16:11:40+02:00,2022,2022-01-01T00:00:00+01:00,2022-12-31T00:00:00+01:00
AUT,EUR,2018,5.8,18.5,12.0,5317821,TAXBEV_MOSTSOLDSPIRIT,COUNTRY,YEAR,EUR,Europe,BEVERAGETYPE,BEVERAGETYPE_ALCOHOLIC,2022,BEVERAGE,BEVERAGE_BEV_SPIRITS,,,,,Rum,,,,,2023-10-23T16:11:39+02:00,2022,2022-01-01T00:00:00+01:00,2022-12-31T00:00:00+01:00
AZE,EUR,2018,1.5,7.5,4.4,5317822,TAXBEV_MOSTSOLDSPIRIT,COUNTRY,YEAR,EUR,Europe,BEVERAGETYPE,BEVERAGETYPE_ALCOHOLIC,2022,BEVERAGE,BEVERAGE_BEV_SPIRITS,,,,,Vodka,,,,,2023-10-23T16:11:39+02:00,2022,2022-01-01T00:00:00+01:00,2022-12-31T00:00:00+01:00
BDI,AFR,2018,2.8,11.9,7.2,5317823,TAXBEV_MOSTSOLDSPIRIT,COUNTRY,YEAR,AFR,Africa,BEVERAGETYPE,BEVERAGETYPE_ALCOHOLIC,2022,BEVERAGE,BEVERAGE_BEV_SPIRITS,,,,,Liqueur,,,,,2023-10-23T16:11:37+02:00,2022,2022-01-01T00:00:00+01:00,2022-12-31T00:00:00+01:00
BEL,EUR,2018,5.3,17.2,11.1,5317824,TAXBEV_MOSTSOLDSPIRIT,COUNTRY,YEAR,EUR,Europe,BEVERAGETYPE,BEVERAGETYPE_ALCOHOLIC,2022,BEVERAGE,BEVERAGE_BEV_SPIRITS,,,,,Rum,,,,,2023-10-23T16:11:39+02:00,2022,2022-01-01T00:00:00+01:00,2022-12-31T00:00:00+01:00
BEN,AFR,2018,1.1,4.5,2.8,5317825,TAXBEV_MOSTSOLDSPIRIT,COUNTRY,YEAR,AFR,Africa,BEVERAGETYPE,BEVERAGETYPE_ALCOHOLIC,2022,BEVERAGE,BEVERAGE_BEV_SPIRITS,,,,,Gin,,,,,2023-10-23T16:11:37+02:00,2022,2022-01-01T00:00:00+01:00,2022-12-31T00:00:00+01:00
BFA,AFR,2018,4.2,20.2,12.0,5317826,TAXBEV_MOSTSOLDSPIRIT,COUNTRY,YEAR,AFR,Africa,BEVERAGETYPE,BEVERAGETYPE_ALCOHOLIC,2022,BEVERAGE,BEVERAGE_BEV_SPIRITS,,,,,Whisky,,,,,2023-10-23T16:11:37+02:00,2022,2022-01-01T00:00:00+01:00,2022-12-31T00:00:00+01:00
BGD,SEAR,2018,0.0,0.0,0.0,5317827,TAXBEV_MOSTSOLDSPIRIT,COUNTRY,YEAR,SEAR,South-East Asia,BEVERAGETYPE,BEVERAGETYPE_ALCOHOLIC,2022,BEVERAGE,BEVERAGE_BEV_SPIRITS,,,,,Whisky,,,,,2023-10-23T16:11:39+02:00,2022,2022-01-01T00:00:00+01:00,2022-12-31T00:00:00+01:00
BGR,EUR,2018,5.7,20.2,12.7,5317828,TAXBEV_MOSTSOLDSPIRIT,COUNTRY,YEAR,EUR,Europe,BEVERAGETYPE,BEVERAGETYPE_ALCOHOLIC,2022,BEVERAGE,BEVERAGE_BEV_SPIRITS,,,,,Brandy,,,,,2023-10-23T16:11:39+02:00,2022,2022-01-01T00:00:00+01:00,2022-12-31T00:00:00+01:00
BHR,EMR,2018,0.3,1.5,1.1,5317829,TAXBEV_MOSTSOLDSPIRIT,COUNTRY,YEAR,EMR,Eastern Mediterranean,BEVERAGETYPE,BEVERAGETYPE_ALCOHOLIC,2022,BEVERAGE,BEVERAGE_BEV_SPIRITS,,,,,,,,,,2023-10-23T16:11:38+02:00,2022,2022-01-01T00:00:00+01:00,2022-12-31T00:00:00+01:00
BHS,AMR,2018,2.1,7.6,4.8,5317830,TAXBEV_MOSTSOLDSPIRIT,COUNTRY,YEAR,AMR,Americas,BEVERAGETYPE,BEVERAGETYPE_ALCOHOLIC,2022,BEVERAGE,BEVERAGE_BEV_SPIRITS,,,,,,,,,,2023-10-23T16:11:38+02:00,2022,2022-01-01T00:00:00+01:00,2022-12-31T00:00:00+01:00
BIH,EUR,2018,2.7,11.8,7.2,5317831,TAXBEV_MOSTSOLDSPIRIT,COUNTRY,YEAR,EUR,Europe,BEVERAGETYPE,BEVERAGETYPE_ALCOHOLIC,2022,BEVERAGE,BEVERAGE_BEV_SPIRITS,,,,,,,,,,2023-10-23T16:11:39+02:00,2022,2022-01-01T00:00:00+01:00,2022-12-31T00:00:00+01:00
BLR,EUR,2018,5.4,18.7,11.5,5317832,TAXBEV_MOSTSOLDSPIRIT,COUNTRY,YEAR,EUR,Europe,BEVERAGETYPE,BEVERAGETYPE_ALCOHOLIC,2022,BEVERAGE,BEVERAGE_BEV_SPIRITS,,,,,Vodka,,,,,2023-10-23T16:11:39+02:00,2022,2022-01-01T00:00:00+01:00,2022-12-31T00:00:00+01:00
BLZ,AMR,2018,2.6,9.9,6.2,5317833,TAXBEV_MOSTSOLDSPIRIT,COUNTRY,YEAR,AMR,Americas,BEVERAGETYPE,BEVERAGETYPE_ALCOHOLIC,2022,BEVERAGE,BEVERAGE_BEV_SPIRITS,,,,,Rum,,,,,2023-10-23T16:11:38+02:00,2022,2022-01-01T00:00:00+01:00,2022-12-31T00:00:00+01:00
BOL,AMR,2018,2.1,6.8,4.4,5317834,TAXBEV_MOSTSOLDSPIRIT,COUNTRY,YEAR,AMR,Americas,BEVERAGETYPE,BEVERAGETYPE_ALCOHOLIC,2022,BEVERAGE,BEVERAGE_BEV_SPIRITS,,,,,Aguardiente,,,,Retail price and tax data collected as of 31 March 2023.,2023-10-23T16:11:40+02:00,2022,2022-01-01T00:00:00+01:00,2022-12-31T00:00:00+01:00
BRA,AMR,2018,3.3,11.8,7.4,5317835,TAXBEV_MOSTSOLDSPIRIT,COUNTRY,YEAR,AMR,Americas,BEVERAGETYPE,BEVERAGETYPE_ALCOHOLIC,2022,BEVERAGE,BEVERAGE_BEV_SPIRITS,,,,,Cachaca,,,,1. Retail price and tax data representing only the State of Sao Paulo. 2. Data collected as of 31 October 2022.,2023-10-23T16:11:38+02:00,2022,2022-01-01T00:00:00+01:00,2022-12-31T00:00:00+01:00
BRB,AMR,2018,4.1,16.0,9.7,5317836,TAXBEV_MOSTSOLDSPIRIT,COUNTRY,YEAR,AMR,Americas,BEVERAGETYPE,BEVERAGETYPE_ALCOHOLIC,2022,BEVERAGE,BEVERAGE_BEV_SPIRITS,,,,,,,,,,2023-10-23T16:11:38+02:00,2022,2022-01-01T00:00:00+01:00,2022-12-31T00:00:00+01:00
BRN,WPR,2018,0.2,0.7,0.5,5317837,TAXBEV_MOSTSOLDSPIRIT,COUNTRY,YEAR,WPR,Western Pacific,BEVERAGETYPE,BEVERAGETYPE_ALCOHOLIC,2022,BEVERAGE,BEVERAGE_BEV_SPIRITS,,,,,,,,,,2023-10-23T16:11:40+02:00,2022,2022-01-01T00:00:00+01:00,2022-12-31T00:00:00+01:00
BTN,SEAR,2018,0.2,0.7,0.4,5317838,TAXBEV_MOSTSOLDSPIRIT,COUNTRY,YEAR,SEAR,South-East Asia,BEVERAGETYPE,BEVERAGETYPE_ALCOHOLIC,2022,BEVERAGE,BEVERAGE_BEV_SPIRITS,,,,,,,,,,2023-10-23T16:11:39+02:00,2022,2022-01-01T00:00:00+01:00,2022-12-31T00:00:00+01:00
BWA,AFR,2018,2.5,10.9,6.6,5317839,TAXBEV_MOSTSOLDSPIRIT,COUNTRY,YEAR,AFR,Africa,BEVERAGETYPE,BEVERAGETYPE_ALCOHOLIC,2022,BEVERAGE,BEVERAGE_BEV_SPIRITS,,,,,,,,,,2023-10-23T16:11:37+02:00,2022,2022-01-01T00:00:00+01:00,2022-12-31T00:00:00+01:00
CAF,AFR,2018,1.0,3.9,2.4,5317840,TAXBEV_MOSTSOLDSPIRIT,COUNTRY,YEAR,AFR,Africa,BEVERAGETYPE,BEVERAGETYPE_ALCOHOLIC,2022,BEVERAGE,BEVERAGE_BEV_SPIRITS,,,,,Whisky,,,,,2023-10-23T16:11:37+02:00,2022,2022-01-01T00:00:00+01:00,2022-12-31T00:00:00+01:00
CAN,AMR,2018,4.1,14.0,8.9,5317841,TAXBEV_MOSTSOLDSPIRIT,COUNTRY,YEAR,AMR,Americas,BEVERAGETYPE,BEVERAGETYPE_ALCOHOLIC,2022,BEVERAGE,BEVERAGE_BEV_SPIRITS,,,,,Whisky,,,,Retail price and tax data representing only the Province of Ontario.,2023-10-23T16:11:38+02:00,2022,2022-01-01T00:00:00+01:00,2022-12-31T00:00:00+01:00
CHE,EUR,2018,5.6,17.7,11.5,5317842,TAXBEV_MOSTSOLDSPIRIT,COUNTRY,YEAR,EUR,Europe,BEVERAGETYPE,BEVERAGETYPE_ALCOHOLIC,2022,BEVERAGE,BEVERAGE_BEV_SPIRITS,,,,,Liqueur,,,,,2023-10-23T16:11:39+02:00,2022,2022-01-01T00:00:00+01:00,2022-12-31T00:00:00+01:00
CHL,AMR,2018,4.4,13.9,9.1,5317843,TAXBEV_MOSTSOLDSPIRIT,COUNTRY,YEAR,AMR,Americas,BEVERAGETYPE,BEVERAGETYPE_ALCOHOLIC,2022,BEVERAGE,BEVERAGE_BEV_SPIRITS,,,,,Pisco,,,,,2023-10-23T16:11:38+02:00,2022,2022-01-01T00:00:00+01:00,2022-12-31T00:00:00+01:00
CHN,WPR,2018,3.0,10.9,7.1,5317844,TAXBEV_MOSTSOLDSPIRIT,COUNTRY,YEAR,WPR,Western Pacific,BEVERAGETYPE,BEVERAGETYPE_ALCOHOLIC,2022,BEVERAGE,BEVERAGE_BEV_SPIRITS,,,,,Chinese Spirits,,,,,2023-10-23T16:11:40+02:00,2022,2022-01-01T00:00:00+01:00,2022-12-31T00:00:00+01:00
CIV,AFR,2018,1.1,4.3,2.7,5317845,TAXBEV_MOSTSOLDSPIRIT,COUNTRY,YEAR,AFR,Africa,BEVERAGETYPE,BEVERAGETYPE_ALCOHOLIC,2022,BEVERAGE,BEVERAGE_BEV_SPIRITS,,,,,Liqueur,,,,,2023-10-23T16:11:37+02:00,2022,2022-01-01T00:00:00+01:00,2022-12-31T00:00:00+01:00
CMR,AFR,2018,2.4,9.0,5.7,5317846,TAXBEV_MOSTSOLDSPIRIT,COUNTRY,YEAR,AFR,Africa,BEVERAGETYPE,BEVERAGETYPE_ALCOHOLIC,2022,BEVERAGE,BEVERAGE_BEV_SPIRITS,,,,,Whisky,,,,,2023-10-23T16:11:37+02:00,2022,2022-01-01T00:00:00+01:00,2022-12-31T00:00:00+01:00
COD,AFR,2018,0.8,3.2,2.0,5317847,TAXBEV_MOSTSOLDSPIRIT,COUNTRY,YEAR,AFR,Africa,BEVERAGETYPE,BEVERAGETYPE_ALCOHOLIC,2022,BEVERAGE,BEVERAGE_BEV_SPIRITS,,,,,Whisky,,,,,2023-10-23T16:11:37+02:00,2022,2022-01-01T00:00:00+01:00,2022-12-31T00:00:00+01:00
COG,AFR,2018,4.0,14.6,9.3,5317848,TAXBEV_MOSTSOLDSPIRIT,COUNTRY,YEAR,AFR,Africa,BEVERAGETYPE,BEVERAGETYPE_ALCOHOLIC,2022,BEVERAGE,BEVERAGE_BEV_SPIRITS,,,,,Whisky,,,,,2023-10-23T16:11:37+02:00,2022,2022-01-01T00:00:00+01:00,2022-12-31T00:00:00+01:00
COK,WPR,2018,0.0,0.0,0.0,5317849,TAXBEV_MOSTSOLDSPIRIT,COUNTRY,YEAR,WPR,Western Pacific,BEVERAGETYPE,BEVERAGETYPE_ALCOHOLIC,2022,BEVERAGE,BEVERAGE_BEV_SPIRITS,,,,,Vodka,,,,,2023-10-23T16:11:40+02:00,2022,2022-01-01T00:00:00+01:00,2022-12-31T00:00:00+01:00
COL,AMR,2018,2.4,9.3,5.7,5317850,TAXBEV_MOSTSOLDSPIRIT,COUNTRY,YEAR,AMR,Americas,BEVERAGETYPE,BEVERAGETYPE_ALCOHOLIC,2022,BEVERAGE,BEVERAGE_BEV_SPIRITS,,,,,Liqueur,,,,,2023-10-23T16:11:38+02:00,2022,2022-01-01T00:00:00+01:00,2022-12-31T00:00:00+01:00
COM,AFR,2018,0.2,1.2,0.7,5317851,TAXBEV_MOSTSOLDSPIRIT,COUNTRY,YEAR,AFR,Africa,BEVERAGETYPE,BEVERAGETYPE_ALCOHOLIC,2022,BEVERAGE,BEVERAGE_BEV_SPIRITS,,,,,,,,,,2023-10-23T16:11:37+02:00,2022,2022-01-01T00:00:00+01:00,2022-12-31T00:00:00+01:00
CPV,AFR,2018,2.4,8.8,5.6,5317852,TAXBEV_MOSTSOLDSPIRIT,COUNTRY,YEAR,AFR,Africa,BEVERAGETYPE,BEVERAGETYPE_ALCOHOLIC,2022,BEVERAGE,BEVERAGE_BEV_SPIRITS,,,,,Whisky,,,,,2023-10-23T16:11:37+02:00,2022,2022-01-01T00:00:00+01:00,2022-12-31T00:00:00+01:00
CRI,AMR,2018,2.0,7.8,4.9,5317853,TAXBEV_MOSTSOLDSPIRIT,COUNTRY,YEAR,AMR,Americas,BEVERAGETYPE,BEVERAGETYPE_ALCOHOLIC,2022,BEVERAGE,BEVERAGE_BEV_SPIRITS,,,,,Rum,,,,,2023-10-23T16:11:38+02:00,2022,2022-01-01T00:00:00+01:00,2022-12-31T00:00:00+01:00
CUB,AMR,2018,2.4,9.3,5.8,5317854,TAXBEV_MOSTSOLDSPIRIT,COUNTRY,YEAR,AMR,Americas,BEVERAGETYPE,BEVERAGETYPE_ALCOHOLIC,2022,BEVERAGE,BEVERAGE_BEV_SPIRITS,,,,,Rum,,,,,2023-10-23T16:11:38+02:00,2022,2022-01-01T00:00:00+01:00,2022-12-31T00:00:00+01:00
CYP,EUR,2018,4.8,16.9,10.8,5317855,TAXBEV_MOSTSOLDSPIRIT,COUNTRY,YEAR,EUR,Europe,BEVERAGETYPE,BEVERAGETYPE_ALCOHOLIC,2022,BEVERAGE,BEVERAGE_BEV_SPIRITS,,,,,Whisky,,,,,2023-10-23T16:11:39+02:00,2022,2022-01-01T00:00:00+01:00,2022-12-31T00:00:00+01:00
CZE,EUR,2018,7.0,22.3,14.5,5317856,TAXBEV_MOSTSOLDSPIRIT,COUNTRY,YEAR,EUR,Europe,BEVERAGETYPE,BEVERAGETYPE_ALCOHOLIC,2022,BEVERAGE,BEVERAGE_BEV_SPIRITS,,,,,Rum,,,,,2023-10-23T16:11:39+02:00,2022,2022-01-01T00:00:00+01:00,2022-12-31T00:00:00+01:00
DEU,EUR,2018,6.2,19.9,12.9,5317857,TAXBEV_MOSTSOLDSPIRIT,COUNTRY,YEAR,EUR,Europe,BEVERAGETYPE,BEVERAGETYPE_ALCOHOLIC,2022,BEVERAGE,BEVERAGE_BEV_SPIRITS,,,,,Vodka,,,,,2023-10-23T16:11:39+02:00,2022,2022-01-01T00:00:00+01:00,2022-12-31T00:00:00+01:00
DJI,EMR,2018,0.1,0.8,0.4,5317858,TAXBEV_MOSTSOLDSPIRIT,COUNTRY,YEAR,EMR,Eastern Mediterranean,BEVERAGETYPE,BEVERAGETYPE_ALCOHOLIC,2022,BEVERAGE,BEVERAGE_BEV_SPIRITS,,,,,,,,,,2023-10-23T16:11:38+02:00,2022,2022-01-01T00:00:00+01:00,2022-12-31T00:00:00+01:00
DMA,AMR,2018,4.6,18.1,11.2,5317859,TAXBEV_MOSTSOLDSPIRIT,COUNTRY,YEAR,AMR,Americas,BEVERAGETYPE,BEVERAGETYPE_ALCOHOLIC,2022,BEVERAGE,BEVERAGE_BEV_SPIRITS,,,,,Rum,,,,,2023-10-23T16:11:38+02:00,2022,2022-01-01T00:00:00+01:00,2022-12-31T00:00:00+01:00
DNK,EUR,2018,4.9,15.8,10.3,5317860,TAXBEV_MOSTSOLDSPIRIT,COUNTRY,YEAR,EUR,Europe,BEVERAGETYPE,BEVERAGETYPE_ALCOHOLIC,2022,BEVERAGE,BEVERAGE_BEV_SPIRITS,,,,,Liqueur,,,,,2023-10-23T16:11:39+02:00,2022,2022-01-01T00:00:00+01:00,2022-12-31T00:00:00+01:00
DOM,AMR,2018,2.8,10.7,6.7,5317861,TAXBEV_MOSTSOLDSPIRIT,COUNTRY,YEAR,AMR,Americas,BEVERAGETYPE,BEVERAGETYPE_ALCOHOLIC,2022,BEVERAGE,BEVERAGE_BEV_SPIRITS,,,,,Rum,,,,,2023-10-23T16:11:38+02:00,2022,2022-01-01T00:00:00+01:00,2022-12-31T00:00:00+01:00
DZA,AFR,2018,0.3,1.6,0.9,5317862,TAXBEV_MOSTSOLDSPIRIT,COUNTRY,YEAR,AFR,Africa,BEVERAGETYPE,BEVERAGETYPE_ALCOHOLIC,2022,BEVERAGE,BEVERAGE_BEV_SPIRITS,,,,,,,,,,2023-10-23T16:11:37+02:00,2022,2022-01-01T00:00:00+01:00,2022-12-31T00:00:00+01:00
ECU,AMR,2018,2.0,6.4,4.2,5317863,TAXBEV_MOSTSOLDSPIRIT,COUNTRY,YEAR,AMR,Americas,BEVERAGETYPE,BEVERAGETYPE_ALCOHOLIC,2022,BEVERAGE,BEVERAGE_BEV_SPIRITS,,,,,Whisky,,,,,2023-10-23T16:11:38+02:00,2022,2022-01-01T00:00:00+01:00,2022-12-31T00:00:00+01:00
EGY,EMR,2018,0.1,0.6,0.4,5317864,TAXBEV_MOSTSOLDSPIRIT,COUNTRY,YEAR,EMR,Eastern Mediterranean,BEVERAGETYPE,BEVERAGETYPE_ALCOHOLIC,2022,BEVERAGE,BEVERAGE_BEV_SPIRITS,,,,,Whisky,,,,,2023-10-23T16:11:38+02:00,2022,2022-01-01T00:00:00+01:00,2022-12-31T00:00:00+01:00
ERI,AFR,2018,0.5,2.4,1.4,5317865,TAXBEV_MOSTSOLDSPIRIT,COUNTRY,YEAR,AFR,Africa,BEVERAGETYPE,BEVERAGETYPE_ALCOHOLIC,2022,BEVERAGE,BEVERAGE_BEV_SPIRITS,,,,,Liqueur,,,,,2023-10-23T16:11:37+02:00,2022,2022-01-01T00:00:00+01:00,2022-12-31T00:00:00+01:00
ESP,EUR,2018,5.8,20.1,12.7,5317866,TAXBEV_MOSTSOLDSPIRIT,COUNTRY,YEAR,EUR,Europe,BEVERAGETYPE,BEVERAGETYPE_ALCOHOLIC,2022,BEVERAGE,BEVERAGE_BEV_SPIRITS,,,,,Gin,,,,,2023-10-23T16:11:39+02:00,2022,2022-01-01T00:00:00+01:00,2022-12-31T00:00:00+01:00
EST,EUR,2018,4.4,15.0,9.2,5317867,TAXBEV_MOSTSOLDSPIRIT,COUNTRY,YEAR,EUR,Europe,BEVERAGETYPE,BEVERAGETYPE_ALCOHOLIC,2022,BEVERAGE,BEVERAGE_BEV_SPIRITS,,,,,Vodka,,,,,2023-10-23T16:11:39+02:00,2022,2022-01-01T00:00:00+01:00,2022-12-31T00:00:00+01:00
ETH,AFR,2018,0.8,3.9,2.4,5317868,TAXBEV_MOSTSOLDSPIRIT,COUNTRY,YEAR,AFR,Africa,BEVERAGETYPE,BEVERAGETYPE_ALCOHOLIC,2022,BEVERAGE,BEVERAGE_BEV_SPIRITS,,,,,Gin,,,,,2023-10-23T16:11:37+02:00,2022,2022-01-01T00:00:00+01:00,2022-12-31T00:00:00+01:00
FIN,EUR,2018,5.1,16.8,10.8,5317869,TAXBEV_MOSTSOLDSPIRIT,COUNTRY,YEAR,EUR,Europe,BEVERAGETYPE,BEVERAGETYPE_ALCOHOLIC,2022,BEVERAGE,BEVERAGE_BEV_SPIRITS,,,,,Vodka,,,,,2023-10-23T16:11:39+02:00,2022,2022-01-01T00:00:00+01:00,2022-12-31T00:00:00+01:00
FJI,WPR,2018,1.1,5.5,3.3,5317870,TAXBEV_MOSTSOLDSPIRIT,COUNTRY,YEAR,WPR,Western Pacific,BEVERAGETYPE,BEVERAGETYPE_ALCOHOLIC,2022,BEVERAGE,BEVERAGE_BEV_SPIRITS,,,,,Rum,,,,,2023-10-23T16:11:40+02:00,2022,2022-01-01T00:00:00+01:00,2022-12-31T00:00:00+01:00
FRA,EUR,2018,5.8,19.2,12.3,5317871,TAXBEV_MOSTSOLDSPIRIT,COUNTRY,YEAR,EUR,Europe,BEVERAGETYPE,BEVERAGETYPE_ALCOHOLIC,2022,BEVERAGE,BEVERAGE_BEV_SPIRITS,,,,,,,,,,2023-10-23T16:11:39+02:00,2022,2022-01-01T00:00:00+01:00,2022-12-31T00:00:00+01:00
FSM,WPR,2018,0.8,4.1,2.5,5317872,TAXBEV_MOSTSOLDSPIRIT,COUNTRY,YEAR,WPR,Western Pacific,BEVERAGETYPE,BEVERAGETYPE_ALCOHOLIC,2022,BEVERAGE,BEVERAGE_BEV_SPIRITS,,,,,,,,,,2023-10-23T16:11:40+02:00,2022,2022-01-01T00:00:00+01:00,2022-12-31T00:00:00+01:00
GAB,AFR,2018,4.0,13.2,8.7,5317873,TAXBEV_MOSTSOLDSPIRIT,COUNTRY,YEAR,AFR,Africa,BEVERAGETYPE,BEVERAGETYPE_ALCOHOLIC,2022,BEVERAGE,BEVERAGE_BEV_SPIRITS,,,,,Gin,,,,,2023-10-23T16:11:37+02:00,2022,2022-01-01T00:00:00+01:00,2022-12-31T00:00:00+01:00
GBR,EUR,2018,5.4,17.8,11.5,5317874,TAXBEV_MOSTSOLDSPIRIT,COUNTRY,YEAR,EUR,Europe,BEVERAGETYPE,BEVERAGETYPE_ALCOHOLIC,2022,BEVERAGE,BEVERAGE_BEV_SPIRITS,,,,,Vodka,,,,,2023-10-23T16:11:39+02:00,2022,2022-01-01T00:00:00+01:00,2022-12-31T00:00:00+01:00
GEO,EUR,2018,3.6,13.6,8.3,5317875,TAXBEV_MOSTSOLDSPIRIT,COUNTRY,YEAR,EUR,Europe,BEVERAGETYPE,BEVERAGETYPE_ALCOHOLIC,2022,BEVERAGE,BEVERAGE_BEV_SPIRITS,,,,,Vodka,,,,,2023-10-23T16:11:39+02:00,2022,2022-01-01T00:00:00+01:00,2022-12-31T00:00:00+01:00
GHA,AFR,2018,1.2,4.4,2.8,5317876,TAXBEV_MOSTSOLDSPIRIT,COUNTRY,YEAR,AFR,Africa,BEVERAGETYPE,BEVERAGETYPE_ALCOHOLIC,2022,BEVERAGE,BEVERAGE_BEV_SPIRITS,,,,,Whisky,,,,Retail price and tax data collected as of 31 January 2023.,2023-10-23T16:11:37+02:00,2022,2022-01-01T00:00:00+01:00,2022-12-31T00:00:00+01:00
GIN,AFR,2018,0.3,1.9,1.1,5317877,TAXBEV_MOSTSOLDSPIRIT,COUNTRY,YEAR,AFR,Africa,BEVERAGETYPE,BEVERAGETYPE_ALCOHOLIC,2022,BEVERAGE,BEVERAGE_BEV_SPIRITS,,,,,,,,,,2023-10-23T16:11:37+02:00,2022,2022-01-01T00:00:00+01:00,2022-12-31T00:00:00+01:00
GMB,AFR,2018,1.2,6.1,3.6,5317878,TAXBEV_MOSTSOLDSPIRIT,COUNTRY,YEAR,AFR,Africa,BEVERAGETYPE,BEVERAGETYPE_ALCOHOLIC,2022,BEVERAGE,BEVERAGE_BEV_SPIRITS,,,,,Brandy,,,,,2023-10-23T16:11:37+02:00,2022,2022-01-01T00:00:00+01:00,2022-12-31T00:00:00+01:00
GNB,AFR,2018,2.0,9.0,5.4,5317879,TAXBEV_MOSTSOLDSPIRIT,COUNTRY,YEAR,AFR,Africa,BEVERAGETYPE,BEVERAGETYPE_ALCOHOLIC,2022,BEVERAGE,BEVERAGE_BEV_SPIRITS,,,,,Whisky,,,,,2023-10-23T16:11:37+02:00,2022,2022-01-01T00:00:00+01:00,2022-12-31T00:00:00+01:00
GNQ,AFR,2018,3.3,10.1,7.2,5317880,TAXBEV_MOSTSOLDSPIRIT,COUNTRY,YEAR,AFR,Africa,BEVERAGETYPE,BEVERAGETYPE_ALCOHOLIC,2022,BEVERAGE,BEVERAGE_BEV_SPIRITS,,,,,,,,,,2023-10-23T16:11:37+02:00,2022,2022-01-01T00:00:00+01:00,2022-12-31T00:00:00+01:00
GRC,EUR,2018,4.5,16.2,10.2,5317881,TAXBEV_MOSTSOLDSPIRIT,COUNTRY,YEAR,EUR,Europe,BEVERAGETYPE,BEVERAGETYPE_ALCOHOLIC,2022,BEVERAGE,BEVERAGE_BEV_SPIRITS,,,,,Whisky,,,,,2023-10-23T16:11:39+02:00,2022,2022-01-01T00:00:00+01:00,2022-12-31T00:00:00+01:00
GRD,AMR,2018,3.9,15.1,9.5,5317882,TAXBEV_MOSTSOLDSPIRIT,COUNTRY,YEAR,AMR,Americas,BEVERAGETYPE,BEVERAGETYPE_ALCOHOLIC,2022,BEVERAGE,BEVERAGE_BEV_SPIRITS,,,,,Rum,,,,,2023-10-23T16:11:38+02:00,2022,2022-01-01T00:00:00+01:00,2022-12-31T00:00:00+01:00
GTM,AMR,2018,1.0,4.0,2.5,5317883,TAXBEV_MOSTSOLDSPIRIT,COUNTRY,YEAR,AMR,Americas,BEVERAGETYPE,BEVERAGETYPE_ALCOHOLIC,2022,BEVERAGE,BEVERAGE_BEV_SPIRITS,,,,,Rum,,,,,2023-10-23T16:11:38+02:00,2022,2022-01-01T00:00:00+01:00,2022-12-31T00:00:00+01:00
GUY,AMR,2018,2.7,11.0,6.9,5317884,TAXBEV_MOSTSOLDSPIRIT,COUNTRY,YEAR,AMR,Americas,BEVERAGETYPE,BEVERAGETYPE_ALCOHOLIC,2022,BEVERAGE,BEVERAGE_BEV_SPIRITS,,,,,Rum,,,,,2023-10-23T16:11:38+02:00,2022,2022-01-01T00:00:00+01:00,2022-12-31T00:00:00+01:00
HND,AMR,2018,1.5,6.1,3.8,5317885,TAXBEV_MOSTSOLDSPIRIT,COUNTRY,YEAR,AMR,Americas,BEVERAGETYPE,BEVERAGETYPE_ALCOHOLIC,2022,BEVERAGE,BEVERAGE_BEV_SPIRITS,,,,,Rum,,,,,2023-10-23T16:11:38+02:00,2022,2022-01-01T00:00:00+01:00,2022-12-31T00:00:00+01:00
HRV,EUR,2018,4.2,14.7,9.2,5317886,TAXBEV_MOSTSOLDSPIRIT,COUNTRY,YEAR,EUR,Europe,BEVERAGETYPE,BEVERAGETYPE_ALCOHOLIC,2022,BEVERAGE,BEVERAGE_BEV_SPIRITS,,,,,Brandy,,,,,2023-10-23T16:11:39+02:00,2022,2022-01-01T00:00:00+01:00,2022-12-31T00:00:00+01:00
HTI,AMR,2018,1.1,4.5,2.7,5317887,TAXBEV_MOSTSOLDSPIRIT,COUNTRY,YEAR,AMR,Americas,BEVERAGETYPE,BEVERAGETYPE_ALCOHOLIC,2022,BEVERAGE,BEVERAGE_BEV_SPIRITS,,,,,Rum,,,,Retail price and tax data collected as of 31 March 2023.,2023-10-23T16:11:38+02:00,2022,2022-01-01T00:00:00+01:00,2022-12-31T00:00:00+01:00
HUN,EUR,2018,5.4,18.1,11.4,5317888,TAXBEV_MOSTSOLDSPIRIT,COUNTRY,YEAR,EUR,Europe,BEVERAGETYPE,BEVERAGETYPE_ALCOHOLIC,2022,BEVERAGE,BEVERAGE_BEV_SPIRITS,,,,,Vodka,,,,,2023-10-23T16:11:39+02:00,2022,2022-01-01T00:00:00+01:00,2022-12-31T00:00:00+01:00
IDN,SEAR,2018,0.2,1.0,0.6,5317889,TAXBEV_MOSTSOLDSPIRIT,COUNTRY,YEAR,SEAR,South-East Asia,BEVERAGETYPE,BEVERAGETYPE_ALCOHOLIC,2022,BEVERAGE,BEVERAGE_BEV_SPIRITS,,,,,Vodka,,,,,2023-10-23T16:11:39+02:00,2022,2022-01-01T00:00:00+01:00,2022-12-31T00:00:00+01:00
IND,SEAR,2018,1.9,9.0,5.5,5317890,TAXBEV_MOSTSOLDSPIRIT,COUNTRY,YEAR,SEAR,South-East Asia,BEVERAGETYPE,BEVERAGETYPE_ALCOHOLIC,2022,BEVERAGE,BEVERAGE_BEV_SPIRITS,,,,,,,,,,2023-10-23T16:11:39+02:00,2022,2022-01-01T00:00:00+01:00,2022-12-31T00:00:00+01:00
IRL,EUR,2018,6.4,19.6,12.9,5317891,TAXBEV_MOSTSOLDSPIRIT,COUNTRY,YEAR,EUR,Europe,BEVERAGETYPE,BEVERAGETYPE_ALCOHOLIC,2022,BEVERAGE,BEVERAGE_BEV_SPIRITS,,,,,Vodka,,,,,2023-10-23T16:11:39+02:00,2022,2022-01-01T00:00:00+01:00,2022-12-31T00:00:00+01:00
IRN,EMR,2018,0.3,1.8,1.0,5317892,TAXBEV_MOSTSOLDSPIRIT,COUNTRY,YEAR,EMR,Eastern Mediterranean,BEVERAGETYPE,BEVERAGETYPE_ALCOHOLIC,2022,BEVERAGE,BEVERAGE_BEV_SPIRITS,,,,,,,,,,2023-10-23T16:11:38+02:00,2022,2022-01-01T00:00:00+01:00,2022-12-31T00:00:00+01:00
IRQ,EMR,2018,0.1,0.7,0.4,5317893,TAXBEV_MOSTSOLDSPIRIT,COUNTRY,YEAR,EMR,Eastern Mediterranean,BEVERAGETYPE,BEVERAGETYPE_ALCOHOLIC,2022,BEVERAGE,BEVERAGE_BEV_SPIRITS,,,,,Arak,,,,,2023-10-23T16:11:38+02:00,2022,2022-01-01T00:00:00+01:00,2022-12-31T00:00:00+01:00
ISL,EUR,2018,4.3,13.9,9.1,5317894,TAXBEV_MOSTSOLDSPIRIT,COUNTRY,YEAR,EUR,Europe,BEVERAGETYPE,BEVERAGETYPE_ALCOHOLIC,2022,BEVERAGE,BEVERAGE_BEV_SPIRITS,,,,,Vodka,,,,,2023-10-23T16:11:39+02:00,2022,2022-01-01T00:00:00+01:00,2022-12-31T00:00:00+01:00
ISR,EUR,2018,1.9,6.6,4.2,5317895,TAXBEV_MOSTSOLDSPIRIT,COUNTRY,YEAR,EUR,Europe,BEVERAGETYPE,BEVERAGETYPE_ALCOHOLIC,2022,BEVERAGE,BEVERAGE_BEV_SPIRITS,,,,,,,,,,2023-10-23T16:11:39+02:00,2022,2022-01-01T00:00:00+01:00,2022-12-31T00:00:00+01:00
ITA,EUR,2018,3.5,12.5,7.8,5317896,TAXBEV_MOSTSOLDSPIRIT,COUNTRY,YEAR,EUR,Europe,BEVERAGETYPE,BEVERAGETYPE_ALCOHOLIC,2022,BEVERAGE,BEVERAGE_BEV_SPIRITS,,,,,Liqueur,,,,,2023-10-23T16:11:39+02:00,2022,2022-01-01T00:00:00+01:00,2022-12-31T00:00:00+01:00
JAM,AMR,2018,1.7,6.8,4.2,5317897,TAXBEV_MOSTSOLDSPIRIT,COUNTRY,YEAR,AMR,Americas,BEVERAGETYPE,BEVERAGETYPE_ALCOHOLIC,2022,BEVERAGE,BEVERAGE_BEV_SPIRITS,,,,,Rum,,,,,2023-10-23T16:11:38+02:00,2022,2022-01-01T00:00:00+01:00,2022-12-31T00:00:00+01:00
JOR,EMR,2018,0.2,1.2,0.7,5317898,TAXBEV_MOSTSOLDSPIRIT,COUNTRY,YEAR,EMR,Eastern Mediterranean,BEVERAGETYPE,BEVERAGETYPE_ALCOHOLIC,2022,BEVERAGE,BEVERAGE_BEV_SPIRITS,,,,,,,,,,2023-10-23T16:11:38+02:00,2022,2022-01-01T00:00:00+01:00,2022-12-31T00:00:00+01:00
JPN,WPR,2018,3.9,12.3,8.0,5317899,TAXBEV_MOSTSOLDSPIRIT,COUNTRY,YEAR,WPR,Western Pacific,BEVERAGETYPE,BEVERAGETYPE_ALCOHOLIC,2022,BEVERAGE,BEVERAGE_BEV_SPIRITS,,,,,Whisky,,,,,2023-10-23T16:11:40+02:00,2022,2022-01-01T00:00:00+01:00,2022-12-31T00:00:00+01:00
KAZ,EUR,2018,1.9,7.9,4.8,5317900,TAXBEV_MOSTSOLDSPIRIT,COUNTRY,YEAR,EUR,Europe,BEVERAGETYPE,BEVERAGETYPE_ALCOHOLIC,2022,BEVERAGE,BEVERAGE_BEV_SPIRITS,,,,,Vodka,,,,,2023-10-23T16:11:39+02:00,2022,2022-01-01T00:00:00+01:00,2022-12-31T00:00:00+01:00
KEN,AFR,2018,1.1,4.6,2.8,5317901,TAXBEV_MOSTSOLDSPIRIT,COUNTRY,YEAR,AFR,Africa,BEVERAGETYPE,BEVERAGETYPE_ALCOHOLIC,2022,BEVERAGE,BEVERAGE_BEV_SPIRITS,,,,,Vodka,,,,,2023-10-23T16:11:37+02:00,2022,2022-01-01T00:00:00+01:00,2022-12-31T00:00:00+01:00
KGZ,EUR,2018,2.0,10.8,6.3,5317902,TAXBEV_MOSTSOLDSPIRIT,COUNTRY,YEAR,EUR,Europe,BEVERAGETYPE,BEVERAGETYPE_ALCOHOLIC,2022,BEVERAGE,BEVERAGE_BEV_SPIRITS,,,,,Vodka,,,,,2023-10-23T16:11:39+02:00,2022,2022-01-01T00:00:00+01:00,2022-12-31T00:00:00+01:00
KHM,WPR,2018,2.7,10.9,6.6,5317903,TAXBEV_MOSTSOLDSPIRIT,COUNTRY,YEAR,WPR,Western Pacific,BEVERAGETYPE,BEVERAGETYPE_ALCOHOLIC,2022,BEVERAGE,BEVERAGE_BEV_SPIRITS,,,,,,,,,,2023-10-23T16:11:40+02:00,2022,2022-01-01T00:00:00+01:00,2022-12-31T00:00:00+01:00
KIR,WPR,2018,0.2,0.8,0.5,5317904,TAXBEV_MOSTSOLDSPIRIT,COUNTRY,YEAR,WPR,Western Pacific,BEVERAGETYPE,BEVERAGETYPE_ALCOHOLIC,2022,BEVERAGE,BEVERAGE_BEV_SPIRITS,,,,,Whisky,,,,,2023-10-23T16:11:40+02:00,2022,2022-01-01T00:00:00+01:00,2022-12-31T00:00:00+01:00
KNA,AMR,2018,4.0,14.1,8.9,5317905,TAXBEV_MOSTSOLDSPIRIT,COUNTRY,YEAR,AMR,Americas,BEVERAGETYPE,BEVERAGETYPE_ALCOHOLIC,2022,BEVERAGE,BEVERAGE_BEV_SPIRITS,,,,,,,,,,2023-10-23T16:11:38+02:00,2022,2022-01-01T00:00:00+01:00,2022-12-31T00:00:00+01:00
KOR,WPR,2018,4.8,14.7,9.7,5317906,TAXBEV_MOSTSOLDSPIRIT,COUNTRY,YEAR,WPR,Western Pacific,BEVERAGETYPE,BEVERAGETYPE_ALCOHOLIC,2022,BEVERAGE,BEVERAGE_BEV_SPIRITS,,,,,Soju,,,,,2023-10-23T16:11:40+02:00,2022,2022-01-01T00:00:00+01:00,2022-12-31T00:00:00+01:00
KWT,EMR,2018,0.0,0.0,0.0,5317907,TAXBEV_MOSTSOLDSPIRIT,COUNTRY,YEAR,EMR,Eastern Mediterranean,BEVERAGETYPE,BEVERAGETYPE_ALCOHOLIC,2022,BEVERAGE,BEVERAGE_BEV_SPIRITS,,,,,,,,,,2023-10-23T16:11:38+02:00,2022,2022-01-01T00:00:00+01:00,2022-12-31T00:00:00+01:00
LAO,WPR,2018,4.6,17.1,10.7,5317908,TAXBEV_MOSTSOLDSPIRIT,COUNTRY,YEAR,WPR,Western Pacific,BEVERAGETYPE,BEVERAGETYPE_ALCOHOLIC,2022,BEVERAGE,BEVERAGE_BEV_SPIRITS,,,,,,,,,,2023-10-23T16:11:40+02:00,2022,2022-01-01T00:00:00+01:00,2022-12-31T00:00:00+01:00
LBN,EMR,2018,0.6,2.9,1.7,5317909,TAXBEV_MOSTSOLDSPIRIT,COUNTRY,YEAR,EMR,Eastern Mediterranean,BEVERAGETYPE,BEVERAGETYPE_ALCOHOLIC,2022,BEVERAGE,BEVERAGE_BEV_SPIRITS,,,,,Whisky,,,,,2023-10-23T16:11:38+02:00,2022,2022-01-01T00:00:00+01:00,2022-12-31T00:00:00+01:00
LBR,AFR,2018,2.5,9.7,6.1,5317910,TAXBEV_MOSTSOLDSPIRIT,COUNTRY,YEAR,AFR,Africa,BEVERAGETYPE,BEVERAGETYPE_ALCOHOLIC,2022,BEVERAGE,BEVERAGE_BEV_SPIRITS,,,,,Liqueur,,,,,2023-10-23T16:11:38+02:00,2022,2022-01-01T00:00:00+01:00,2022-12-31T00:00:00+01:00
LBY,EMR,2018,0.0,0.0,0.0,5317911,TAXBEV_MOSTSOLDSPIRIT,COUNTRY,YEAR,EMR,Eastern Mediterranean,BEVERAGETYPE,BEVERAGETYPE_ALCOHOLIC,2022,BEVERAGE,BEVERAGE_BEV_SPIRITS,,,,,,,,,,2023-10-23T16:11:38+02:00,2022,2022-01-01T00:00:00+01:00,2022-12-31T00:00:00+01:00
LCA,AMR,2018,4.4,17.2,10.6,5317912,TAXBEV_MOSTSOLDSPIRIT,COUNTRY,YEAR,AMR,Americas,BEVERAGETYPE,BEVERAGETYPE_ALCOHOLIC,2022,BEVERAGE,BEVERAGE_BEV_SPIRITS,,,,,Rum,,,,,2023-10-23T16:11:38+02:00,2022,2022-01-01T00:00:00+01:00,2022-12-31T00:00:00+01:00
LKA,SEAR,2018,1.7,6.8,4.1,5317913,TAXBEV_MOSTSOLDSPIRIT,COUNTRY,YEAR,SEAR,South-East Asia,BEVERAGETYPE,BEVERAGETYPE_ALCOHOLIC,2022,BEVERAGE,BEVERAGE_BEV_SPIRITS,,,,,Arrack,,,,,2023-10-23T16:11:39+02:00,2022,2022-01-01T00:00:00+01:00,2022-12-31T00:00:00+01:00
LSO,AFR,2018,1.6,7.9,4.6,5317914,TAXBEV_MOSTSOLDSPIRIT,COUNTRY,YEAR,AFR,Africa,BEVERAGETYPE,BEVERAGETYPE_ALCOHOLIC,2022,BEVERAGE,BEVERAGE_BEV_SPIRITS,,,,,,,,,,2023-10-23T16:11:38+02:00,2022,2022-01-01T00:00:00+01:00,2022-12-31T00:00:00+01:00
LTU,EUR,2018,6.6,21.3,13.2,5317915,TAXBEV_MOSTSOLDSPIRIT,COUNTRY,YEAR,EUR,Europe,BEVERAGETYPE,BEVERAGETYPE_ALCOHOLIC,2022,BEVERAGE,BEVERAGE_BEV_SPIRITS,,,,,Vodka,,,,,2023-10-23T16:11:39+02:00,2022,2022-01-01T00:00:00+01:00,2022-12-31T00:00:00+01:00
LUX,EUR,2018,6.4,19.5,12.9,5317916,TAXBEV_MOSTSOLDSPIRIT,COUNTRY,YEAR,EUR,Europe,BEVERAGETYPE,BEVERAGETYPE_ALCOHOLIC,2022,BEVERAGE,BEVERAGE_BEV_SPIRITS,,,,,,,,,,2023-10-23T16:11:39+02:00,2022,2022-01-01T00:00:00+01:00,2022-12-31T00:00:00+01:00
LVA,EUR,2018,6.1,20.9,12.8,5317917,TAXBEV_MOSTSOLDSPIRIT,COUNTRY,YEAR,EUR,Europe,BEVERAGETYPE,BEVERAGETYPE_ALCOHOLIC,2022,BEVERAGE,BEVERAGE_BEV_SPIRITS,,,,,Brandy,,,,,2023-10-23T16:11:39+02:00,2022,2022-01-01T00:00:00+01:00,2022-12-31T00:00:00+01:00
MAR,EMR,2018,0.2,1.2,0.7,5317918,TAXBEV_MOSTSOLDSPIRIT,COUNTRY,YEAR,EMR,Eastern Mediterranean,BEVERAGETYPE,BEVERAGETYPE_ALCOHOLIC,2022,BEVERAGE,BEVERAGE_BEV_SPIRITS,,,,,Vodka,,,,,2023-10-23T16:11:38+02:00,2022,2022-01-01T00:00:00+01:00,2022-12-31T00:00:00+01:00
MCO,EUR,2018,0.0,0.0,0.0,5317919,TAXBEV_MOSTSOLDSPIRIT,COUNTRY,YEAR,EUR,Europe,BEVERAGETYPE,BEVERAGETYPE_ALCOHOLIC,2022,BEVERAGE,BEVERAGE_BEV_SPIRITS,,,,,,,,,,2023-10-23T16:11:39+02:00,2022,2022-01-01T00:00:00+01:00,2022-12-31T00:00:00+01:00
MDA,EUR,2018,5.3,18.3,11.4,5317920,TAXBEV_MOSTSOLDSPIRIT,COUNTRY,YEAR,EUR,Europe,BEVERAGETYPE,BEVERAGETYPE_ALCOHOLIC,2022,BEVERAGE,BEVERAGE_BEV_SPIRITS,,,,,,,,,,2023-10-23T16:11:39+02:00,2022,2022-01-01T00:00:00+01:00,2022-12-31T00:00:00+01:00
MDG,AFR,2018,0.8,3.2,2.0,5317921,TAXBEV_MOSTSOLDSPIRIT,COUNTRY,YEAR,AFR,Africa,BEVERAGETYPE,BEVERAGETYPE_ALCOHOLIC,2022,BEVERAGE,BEVERAGE_BEV_SPIRITS,,,,,Rum,,,,,2023-10-23T16:11:38+02:00,2022,2022-01-01T00:00:00+01:00,2022-12-31T00:00:00+01:00
MDV,SEAR,2018,0.5,3.5,2.2,5317922,TAXBEV_MOSTSOLDSPIRIT,COUNTRY,YEAR,SEAR,South-East Asia,BEVERAGETYPE,BEVERAGETYPE_ALCOHOLIC,2022,BEVERAGE,BEVERAGE_BEV_SPIRITS,,,,,,,,,,2023-10-23T16:11:39+02:00,2022,2022-01-01T00:00:00+01:00,2022-12-31T00:00:00+01:00
MEX,AMR,2018,2.1,8.0,5.0,5342092,TAXBEV_MOSTSOLDSPIRIT,COUNTRY,YEAR,AMR,Americas,BEVERAGETYPE,BEVERAGETYPE_ALCOHOLIC,2022,BEVERAGE,BEVERAGE_BEV_SPIRITS,,,,,Licor de Agave,,,,,2023-10-23T16:11:38+02:00,2022,2022-01-01T00:00:00+01:00,2022-12-31T00:00:00+01:00
MHL,WPR,2018,0.0,0.0,0.0,5342093,TAXBEV_MOSTSOLDSPIRIT,COUNTRY,YEAR,WPR,Western Pacific,BEVERAGETYPE,BEVERAGETYPE_ALCOHOLIC,2022,BEVERAGE,BEVERAGE_BEV_SPIRITS,,,,,Vodka,,,,,2023-10-23T16:11:40+02:00,2022,2022-01-01T00:00:00+01:00,2022-12-31T00:00:00+01:00
MKD,EUR,2018,2.4,9.9,6.2,5342094,TAXBEV_MOSTSOLDSPIRIT,COUNTRY,YEAR,EUR,Europe,BEVERAGETYPE,BEVERAGETYPE_ALCOHOLIC,2022,BEVERAGE,BEVERAGE_BEV_SPIRITS,,,,,,,,,,2023-10-23T16:11:39+02:00,2022,2022-01-01T00:00:00+01:00,2022-12-31T00:00:00+01:00
MLI,AFR,2018,0.4,2.2,1.3,5342095,TAXBEV_MOSTSOLDSPIRIT,COUNTRY,YEAR,AFR,Africa,BEVERAGETYPE,BEVERAGETYPE_ALCOHOLIC,2022,BEVERAGE,BEVERAGE_BEV_SPIRITS,,,,,,,,,,2023-10-23T16:11:38+02:00,2022,2022-01-01T00:00:00+01:00,2022-12-31T00:00:00+01:00
MLT,EUR,2018,3.6,12.4,8.0,5342096,TAXBEV_MOSTSOLDSPIRIT,COUNTRY,YEAR,EUR,Europe,BEVERAGETYPE,BEVERAGETYPE_ALCOHOLIC,2022,BEVERAGE,BEVERAGE_BEV_SPIRITS,,,,,,,,,,2023-10-23T16:11:39+02:00,2022,2022-01-01T00:00:00+01:00,2022-12-31T00:00:00+01:00
MMR,SEAR,2018,2.0,8.4,5.1,5342097,TAXBEV_MOSTSOLDSPIRIT,COUNTRY,YEAR,SEAR,South-East Asia,BEVERAGETYPE,BEVERAGETYPE_ALCOHOLIC,2022,BEVERAGE,BEVERAGE_BEV_SPIRITS,,,,,Whisky,,,,,2023-10-23T16:11:40+02:00,2022,2022-01-01T00:00:00+01:00,2022-12-31T00:00:00+01:00
MNE,EUR,2018,5.0,18.3,11.5,5342098,TAXBEV_MOSTSOLDSPIRIT,COUNTRY,YEAR,EUR,Europe,BEVERAGETYPE,BEVERAGETYPE_ALCOHOLIC,2022,BEVERAGE,BEVERAGE_BEV_SPIRITS,,,,,,,,,,2023-10-23T16:11:39+02:00,2022,2022-01-01T00:00:00+01:00,2022-12-31T00:00:00+01:00
MNG,WPR,2018,3.8,12.8,8.2,5342099,TAXBEV_MOSTSOLDSPIRIT,COUNTRY,YEAR,WPR,Western Pacific,BEVERAGETYPE,BEVERAGETYPE_ALCOHOLIC,2022,BEVERAGE,BEVERAGE_BEV_SPIRITS,,,,,Vodka,,,,,2023-10-23T16:11:40+02:00,2022,2022-01-01T00:00:00+01:00,2022-12-31T00:00:00+01:00
MOZ,AFR,2018,0.9,3.9,2.3,5342100,TAXBEV_MOSTSOLDSPIRIT,COUNTRY,YEAR,AFR,Africa,BEVERAGETYPE,BEVERAGETYPE_ALCOHOLIC,2022,BEVERAGE,BEVERAGE_BEV_SPIRITS,,,,,Gin,,,,,2023-10-23T16:11:38+02:00,2022,2022-01-01T00:00:00+01:00,2022-12-31T00:00:00+01:00
MRT,AFR,2018,0.0,0.1,0.0,5342101,TAXBEV_MOSTSOLDSPIRIT,COUNTRY,YEAR,AFR,Africa,BEVERAGETYPE,BEVERAGETYPE_ALCOHOLIC,2022,BEVERAGE,BEVERAGE_BEV_SPIRITS,,,,,,,,,,2023-10-23T16:11:38+02:00,2022,2022-01-01T00:00:00+01:00,2022-12-31T00:00:00+01:00
MUS,AFR,2018,1.8,7.0,4.4,5342102,TAXBEV_MOSTSOLDSPIRIT,COUNTRY,YEAR,AFR,Africa,BEVERAGETYPE,BEVERAGETYPE_ALCOHOLIC,2022,BEVERAGE,BEVERAGE_BEV_SPIRITS,,,,,Rum,,,,,2023-10-23T16:11:38+02:00,2022,2022-01-01T00:00:00+01:00,2022-12-31T00:00:00+01:00
MWI,AFR,2018,1.4,6.0,3.6,5342103,TAXBEV_MOSTSOLDSPIRIT,COUNTRY,YEAR,AFR,Africa,BEVERAGETYPE,BEVERAGETYPE_ALCOHOLIC,2022,BEVERAGE,BEVERAGE_BEV_SPIRITS,,,,,Gin,,,,,2023-10-23T16:11:38+02:00,2022,2022-01-01T00:00:00+01:00,2022-12-31T00:00:00+01:00
MYS,WPR,2018,0.3,1.4,0.9,5342104,TAXBEV_MOSTSOLDSPIRIT,COUNTRY,YEAR,WPR,Western Pacific,BEVERAGETYPE,BEVERAGETYPE_ALCOHOLIC,2022,BEVERAGE,BEVERAGE_BEV_SPIRITS,,,,,,,,,,2023-10-23T16:11:40+02:00,2022,2022-01-01T00:00:00+01:00,2022-12-31T00:00:00+01:00
NAM,AFR,2018,2.1,9.1,5.4,5342105,TAXBEV_MOSTSOLDSPIRIT,COUNTRY,YEAR,AFR,Africa,BEVERAGETYPE,BEVERAGETYPE_ALCOHOLIC,2022,BEVERAGE,BEVERAGE_BEV_SPIRITS,,,,,Whisky,,,,,2023-10-23T16:11:38+02:00,2022,2022-01-01T00:00:00+01:00,2022-12-31T00:00:00+01:00
NER,AFR,2018,0.2,1.2,0.7,5342106,TAXBEV_MOSTSOLDSPIRIT,COUNTRY,YEAR,AFR,Africa,BEVERAGETYPE,BEVERAGETYPE_ALCOHOLIC,2022,BEVERAGE,BEVERAGE_BEV_SPIRITS,,,,,Vodka,,,,,2023-10-23T16:11:38+02:00,2022,2022-01-01T00:00:00+01:00,2022-12-31T00:00:00+01:00
NGA,AFR,2018,4.4,17.2,10.8,5342107,TAXBEV_MOSTSOLDSPIRIT,COUNTRY,YEAR,AFR,Africa,BEVERAGETYPE,BEVERAGETYPE_ALCOHOLIC,2022,BEVERAGE,BEVERAGE_BEV_SPIRITS,,,,,,,,,,2023-10-23T16:11:38+02:00,2022,2022-01-01T00:00:00+01:00,2022-12-31T00:00:00+01:00
NIC,AMR,2018,2.1,8.5,5.2,5342108,TAXBEV_MOSTSOLDSPIRIT,COUNTRY,YEAR,AMR,Americas,BEVERAGETYPE,BEVERAGETYPE_ALCOHOLIC,2022,BEVERAGE,BEVERAGE_BEV_SPIRITS,,,,,Rum,,,,,2023-10-23T16:11:38+02:00,2022,2022-01-01T00:00:00+01:00,2022-12-31T00:00:00+01:00
NIU,WPR,2018,4.2,17.0,10.7,5342109,TAXBEV_MOSTSOLDSPIRIT,COUNTRY,YEAR,WPR,Western Pacific,BEVERAGETYPE,BEVERAGETYPE_ALCOHOLIC,2022,BEVERAGE,BEVERAGE_BEV_SPIRITS,,,,,,,,,,2023-10-23T16:11:40+02:00,2022,2022-01-01T00:00:00+01:00,2022-12-31T00:00:00+01:00
NLD,EUR,2018,4.5,14.8,9.6,5342110,TAXBEV_MOSTSOLDSPIRIT,COUNTRY,YEAR,EUR,Europe,BEVERAGETYPE,BEVERAGETYPE_ALCOHOLIC,2022,BEVERAGE,BEVERAGE_BEV_SPIRITS,,,,,Rum,,,,,2023-10-23T16:11:39+02:00,2022,2022-01-01T00:00:00+01:00,2022-12-31T00:00:00+01:00
NOR,EUR,2018,3.6,11.2,7.4,5342111,TAXBEV_MOSTSOLDSPIRIT,COUNTRY,YEAR,EUR,Europe,BEVERAGETYPE,BEVERAGETYPE_ALCOHOLIC,2022,BEVERAGE,BEVERAGE_BEV_SPIRITS,,,,,Vodka,,,,,2023-10-23T16:11:39+02:00,2022,2022-01-01T00:00:00+01:00,2022-12-31T00:00:00+01:00
NPL,SEAR,2018,0.8,3.5,2.1,5342112,TAXBEV_MOSTSOLDSPIRIT,COUNTRY,YEAR,SEAR,South-East Asia,BEVERAGETYPE,BEVERAGETYPE_ALCOHOLIC,2022,BEVERAGE,BEVERAGE_BEV_SPIRITS,,,,,,,,,,2023-10-23T16:11:40+02:00,2022,2022-01-01T00:00:00+01:00,2022-12-31T00:00:00+01:00
NRU,WPR,2018,1.3,6.2,3.7,5342113,TAXBEV_MOSTSOLDSPIRIT,COUNTRY,YEAR,WPR,Western Pacific,BEVERAGETYPE,BEVERAGETYPE_ALCOHOLIC,2022,BEVERAGE,BEVERAGE_BEV_SPIRITS,,,,,Vodka,,,,,2023-10-23T16:11:40+02:00,2022,2022-01-01T00:00:00+01:00,2022-12-31T00:00:00+01:00
NZL,WPR,2018,5.2,16.4,10.6,5342114,TAXBEV_MOSTSOLDSPIRIT,COUNTRY,YEAR,WPR,Western Pacific,BEVERAGETYPE,BEVERAGETYPE_ALCOHOLIC,2022,BEVERAGE,BEVERAGE_BEV_SPIRITS,,,,,,,,,,2023-10-23T16:11:40+02:00,2022,2022-01-01T00:00:00+01:00,2022-12-31T00:00:00+01:00
OMN,EMR,2018,0.2,1.0,0.8,5342115,TAXBEV_MOSTSOLDSPIRIT,COUNTRY,YEAR,EMR,Eastern Mediterranean,BEVERAGETYPE,BEVERAGETYPE_ALCOHOLIC,2022,BEVERAGE,BEVERAGE_BEV_SPIRITS,,,,,,,,,,2023-10-23T16:11:39+02:00,2022,2022-01-01T00:00:00+01:00,2022-12-31T00:00:00+01:00
PAK,EMR,2018,0.1,0.6,0.3,5342116,TAXBEV_MOSTSOLDSPIRIT,COUNTRY,YEAR,EMR,Eastern Mediterranean,BEVERAGETYPE,BEVERAGETYPE_ALCOHOLIC,2022,BEVERAGE,BEVERAGE_BEV_SPIRITS,,,,,,,,,,2023-10-23T16:11:39+02:00,2022,2022-01-01T00:00:00+01:00,2022-12-31T00:00:00+01:00
PAN,AMR,2018,3.4,12.6,8.0,5342117,TAXBEV_MOSTSOLDSPIRIT,COUNTRY,YEAR,AMR,Americas,BEVERAGETYPE,BEVERAGETYPE_ALCOHOLIC,2022,BEVERAGE,BEVERAGE_BEV_SPIRITS,,,,,Liqueur,,,,,2023-10-23T16:11:38+02:00,2022,2022-01-01T00:00:00+01:00,2022-12-31T00:00:00+01:00
PER,AMR,2018,3.1,9.8,6.4,5342118,TAXBEV_MOSTSOLDSPIRIT,COUNTRY,YEAR,AMR,Americas,BEVERAGETYPE,BEVERAGETYPE_ALCOHOLIC,2022,BEVERAGE,BEVERAGE_BEV_SPIRITS,,,,,Whisky,,,,,2023-10-23T16:11:38+02:00,2022,2022-01-01T00:00:00+01:00,2022-12-31T00:00:00+01:00
PHL,WPR,2018,2.8,11.0,6.9,5342119,TAXBEV_MOSTSOLDSPIRIT,COUNTRY,YEAR,WPR,Western Pacific,BEVERAGETYPE,BEVERAGETYPE_ALCOHOLIC,2022,BEVERAGE,BEVERAGE_BEV_SPIRITS,,,,,Gin,,,,,2023-10-23T16:11:40+02:00,2022,2022-01-01T00:00:00+01:00,2022-12-31T00:00:00+01:00
PLW,WPR,2018,0.0,0.0,0.0,5342120,TAXBEV_MOSTSOLDSPIRIT,COUNTRY,YEAR,WPR,Western Pacific,BEVERAGETYPE,BEVERAGETYPE_ALCOHOLIC,2022,BEVERAGE,BEVERAGE_BEV_SPIRITS,,,,,Whisky,,,,,2023-10-23T16:11:40+02:00,2022,2022-01-01T00:00:00+01:00,2022-12-31T00:00:00+01:00
PNG,WPR,2018,0.5,2.3,1.4,5342121,TAXBEV_MOSTSOLDSPIRIT,COUNTRY,YEAR,WPR,Western Pacific,BEVERAGETYPE,BEVERAGETYPE_ALCOHOLIC,2022,BEVERAGE,BEVERAGE_BEV_SPIRITS,,,,,,,,,,2023-10-23T16:11:40+02:00,2022,2022-01-01T00:00:00+01:00,2022-12-31T00:00:00+01:00
POL,EUR,2018,5.6,18.4,11.7,5342122,TAXBEV_MOSTSOLDSPIRIT,COUNTRY,YEAR,EUR,Europe,BEVERAGETYPE,BEVERAGETYPE_ALCOHOLIC,2022,BEVERAGE,BEVERAGE_BEV_SPIRITS,,,,,Vodka,,,,,2023-10-23T16:11:40+02:00,2022,2022-01-01T00:00:00+01:00,2022-12-31T00:00:00+01:00
PRK,SEAR,2018,1.5,6.3,3.8,5342123,TAXBEV_MOSTSOLDSPIRIT,COUNTRY,YEAR,SEAR,South-East Asia,BEVERAGETYPE,BEVERAGETYPE_ALCOHOLIC,2022,BEVERAGE,BEVERAGE_BEV_SPIRITS,,,,,,,,,,2023-10-23T16:11:40+02:00,2022,2022-01-01T00:00:00+01:00,2022-12-31T00:00:00+01:00
PRT,EUR,2018,5.6,19.4,12.0,5342124,TAXBEV_MOSTSOLDSPIRIT,COUNTRY,YEAR,EUR,Europe,BEVERAGETYPE,BEVERAGETYPE_ALCOHOLIC,2022,BEVERAGE,BEVERAGE_BEV_SPIRITS,,,,,Whisky,,,,,2023-10-23T16:11:39+02:00,2022,2022-01-01T00:00:00+01:00,2022-12-31T00:00:00+01:00
PRY,AMR,2018,3.2,11.9,7.6,5342125,TAXBEV_MOSTSOLDSPIRIT,COUNTRY,YEAR,AMR,Americas,BEVERAGETYPE,BEVERAGETYPE_ALCOHOLIC,2022,BEVERAGE,BEVERAGE_BEV_SPIRITS,,,,,Liqueur,,,,,2023-10-23T16:11:38+02:00,2022,2022-01-01T00:00:00+01:00,2022-12-31T00:00:00+01:00
QAT,EMR,2018,0.4,1.9,1.6,5342127,TAXBEV_MOSTSOLDSPIRIT,COUNTRY,YEAR,EMR,Eastern Mediterranean,BEVERAGETYPE,BEVERAGETYPE_ALCOHOLIC,2022,BEVERAGE,BEVERAGE_BEV_SPIRITS,,,,,,,,,,2023-10-23T16:11:39+02:00,2022,2022-01-01T00:00:00+01:00,2022-12-31T00:00:00+01:00
ROU,EUR,2018,5.5,18.6,11.7,5342128,TAXBEV_MOSTSOLDSPIRIT,COUNTRY,YEAR,EUR,Europe,BEVERAGETYPE,BEVERAGETYPE_ALCOHOLIC,2022,BEVERAGE,BEVERAGE_BEV_SPIRITS,,,,,Vodka,,,,,2023-10-23T16:11:39+02:00,2022,2022-01-01T00:00:00+01:00,2022-12-31T00:00:00+01:00
RUS,EUR,2018,4.6,19.1,11.2,5342129,TAXBEV_MOSTSOLDSPIRIT,COUNTRY,YEAR,EUR,Europe,BEVERAGETYPE,BEVERAGETYPE_ALCOHOLIC,2022,BEVERAGE,BEVERAGE_BEV_SPIRITS,,,,,,,,,,2023-10-23T16:11:39+02:00,2022,2022-01-01T00:00:00+01:00,2022-12-31T00:00:00+01:00
RWA,AFR,2018,3.5,14.8,9.0,5342130,TAXBEV_MOSTSOLDSPIRIT,COUNTRY,YEAR,AFR,Africa,BEVERAGETYPE,BEVERAGETYPE_ALCOHOLIC,2022,BEVERAGE,BEVERAGE_BEV_SPIRITS,,,,,Vodka,,,,,2023-10-23T16:11:38+02:00,2022,2022-01-01T00:00:00+01:00,2022-12-31T00:00:00+01:00
SAU,EMR,2018,0.0,0.3,0.2,5342131,TAXBEV_MOSTSOLDSPIRIT,COUNTRY,YEAR,EMR,Eastern Mediterranean,BEVERAGETYPE,BEVERAGETYPE_ALCOHOLIC,2022,BEVERAGE,BEVERAGE_BEV_SPIRITS,,,,,,,,,,2023-10-23T16:11:39+02:00,2022,2022-01-01T00:00:00+01:00,2022-12-31T00:00:00+01:00
SDN,EMR,2018,0.1,0.9,0.5,5342132,TAXBEV_MOSTSOLDSPIRIT,COUNTRY,YEAR,EMR,Eastern Mediterranean,BEVERAGETYPE,BEVERAGETYPE_ALCOHOLIC,2022,BEVERAGE,BEVERAGE_BEV_SPIRITS,,,,,,,,,,2023-10-23T16:11:39+02:00,2022,2022-01-01T00:00:00+01:00,2022-12-31T00:00:00+01:00
SEN,AFR,2018,0.2,1.4,0.8,5342133,TAXBEV_MOSTSOLDSPIRIT,COUNTRY,YEAR,AFR,Africa,BEVERAGETYPE,BEVERAGETYPE_ALCOHOLIC,2022,BEVERAGE,BEVERAGE_BEV_SPIRITS,,,,,Gin,,,,,2023-10-23T16:11:38+02:00,2022,2022-01-01T00:00:00+01:00,2022-12-31T00:00:00+01:00
SGP,WPR,2018,1.0,3.1,2.0,5342134,TAXBEV_MOSTSOLDSPIRIT,COUNTRY,YEAR,WPR,Western Pacific,BEVERAGETYPE,BEVERAGETYPE_ALCOHOLIC,2022,BEVERAGE,BEVERAGE_BEV_SPIRITS,,,,,,,,,,2023-10-23T16:11:40+02:00,2022,2022-01-01T00:00:00+01:00,2022-12-31T00:00:00+01:00
SLB,WPR,2018,0.6,3.0,1.8,5342135,TAXBEV_MOSTSOLDSPIRIT,COUNTRY,YEAR,WPR,Western Pacific,BEVERAGETYPE,BEVERAGETYPE_ALCOHOLIC,2022,BEVERAGE,BEVERAGE_BEV_SPIRITS,,,,,,,,,,2023-10-23T16:11:40+02:00,2022,2022-01-01T00:00:00+01:00,2022-12-31T00:00:00+01:00
SLE,AFR,2018,1.6,9.9,5.7,5342136,TAXBEV_MOSTSOLDSPIRIT,COUNTRY,YEAR,AFR,Africa,BEVERAGETYPE,BEVERAGETYPE_ALCOHOLIC,2022,BEVERAGE,BEVERAGE_BEV_SPIRITS,,,,,Whisky,,,,,2023-10-23T16:11:38+02:00,2022,2022-01-01T00:00:00+01:00,2022-12-31T00:00:00+01:00
SLV,AMR,2018,1.7,6.6,3.9,5342137,TAXBEV_MOSTSOLDSPIRIT,COUNTRY,YEAR,AMR,Americas,BEVERAGETYPE,BEVERAGETYPE_ALCOHOLIC,2022,BEVERAGE,BEVERAGE_BEV_SPIRITS,,,,,Vodka,,,,,2023-10-23T16:11:38+02:00,2022,2022-01-01T00:00:00+01:00,2022-12-31T00:00:00+01:00
SMR,EUR,2018,0.0,0.0,0.0,5342138,TAXBEV_MOSTSOLDSPIRIT,COUNTRY,YEAR,EUR,Europe,BEVERAGETYPE,BEVERAGETYPE_ALCOHOLIC,2022,BEVERAGE,BEVERAGE_BEV_SPIRITS,,,,,,,,,,2023-10-23T16:11:39+02:00,2022,2022-01-01T00:00:00+01:00,2022-12-31T00:00:00+01:00
SOM,EMR,2018,0.0,0.0,0.0,5342139,TAXBEV_MOSTSOLDSPIRIT,COUNTRY,YEAR,EMR,Eastern Mediterranean,BEVERAGETYPE,BEVERAGETYPE_ALCOHOLIC,2022,BEVERAGE,BEVERAGE_BEV_SPIRITS,,,,,,,,,,2023-10-23T16:11:39+02:00,2022,2022-01-01T00:00:00+01:00,2022-12-31T00:00:00+01:00
SRB,EUR,2018,3.9,13.9,8.8,5342140,TAXBEV_MOSTSOLDSPIRIT,COUNTRY,YEAR,EUR,Europe,BEVERAGETYPE,BEVERAGETYPE_ALCOHOLIC,2022,BEVERAGE,BEVERAGE_BEV_SPIRITS,,,,,,,,,,2023-10-23T16:11:39+02:00,2022,2022-01-01T00:00:00+01:00,2022-12-31T00:00:00+01:00
SSD,AFR,2018,0.0,0.0,0.0,5342141,TAXBEV_MOSTSOLDSPIRIT,COUNTRY,YEAR,AFR,Africa,BEVERAGETYPE,BEVERAGETYPE_ALCOHOLIC,2022,BEVERAGE,BEVERAGE_BEV_SPIRITS,,,,,Gin,,,,,2023-10-23T16:11:38+02:00,2022,2022-01-01T00:00:00+01:00,2022-12-31T00:00:00+01:00
STP,AFR,2018,2.6,9.3,5.9,5342142,TAXBEV_MOSTSOLDSPIRIT,COUNTRY,YEAR,AFR,Africa,BEVERAGETYPE,BEVERAGETYPE_ALCOHOLIC,2022,BEVERAGE,BEVERAGE_BEV_SPIRITS,,,,,Whisky,,,,,2023-10-23T16:11:38+02:00,2022,2022-01-01T00:00:00+01:00,2022-12-31T00:00:00+01:00
SUR,AMR,2018,2.2,8.5,5.3,5342143,TAXBEV_MOSTSOLDSPIRIT,COUNTRY,YEAR,AMR,Americas,BEVERAGETYPE,BEVERAGETYPE_ALCOHOLIC,2022,BEVERAGE,BEVERAGE_BEV_SPIRITS,,,,,Whisky,,,,,2023-10-23T16:11:38+02:00,2022,2022-01-01T00:00:00+01:00,2022-12-31T00:00:00+01:00
SVK,EUR,2018,5.4,17.4,11.1,5342144,TAXBEV_MOSTSOLDSPIRIT,COUNTRY,YEAR,EUR,Europe,BEVERAGETYPE,BEVERAGETYPE_ALCOHOLIC,2022,BEVERAGE,BEVERAGE_BEV_SPIRITS,,,,,Vodka,,,,,2023-10-23T16:11:39+02:00,2022,2022-01-01T00:00:00+01:00,2022-12-31T00:00:00+01:00
SVN,EUR,2018,5.6,18.4,11.9,5342145,TAXBEV_MOSTSOLDSPIRIT,COUNTRY,YEAR,EUR,Europe,BEVERAGETYPE,BEVERAGETYPE_ALCOHOLIC,2022,BEVERAGE,BEVERAGE_BEV_SPIRITS,,,,,Liqueur,,,,,2023-10-23T16:11:39+02:00,2022,2022-01-01T00:00:00+01:00,2022-12-31T00:00:00+01:00
SWE,EUR,2018,4.2,13.7,8.9,5342146,TAXBEV_MOSTSOLDSPIRIT,COUNTRY,YEAR,EUR,Europe,BEVERAGETYPE,BEVERAGETYPE_ALCOHOLIC,2022,BEVERAGE,BEVERAGE_BEV_SPIRITS,,,,,Vodka,,,,,2023-10-23T16:11:39+02:00,2022,2022-01-01T00:00:00+01:00,2022-12-31T00:00:00+01:00
SWZ,AFR,2018,3.8,17.0,10.0,5342147,TAXBEV_MOSTSOLDSPIRIT,COUNTRY,YEAR,AFR,Africa,BEVERAGETYPE,BEVERAGETYPE_ALCOHOLIC,2022,BEVERAGE,BEVERAGE_BEV_SPIRITS,,,,,Whisky,,,,,2023-10-23T16:11:38+02:00,2022,2022-01-01T00:00:00+01:00,2022-12-31T00:00:00+01:00
SYC,AFR,2018,9.5,32.0,20.5,5342148,TAXBEV_MOSTSOLDSPIRIT,COUNTRY,YEAR,AFR,Africa,BEVERAGETYPE,BEVERAGETYPE_ALCOHOLIC,2022,BEVERAGE,BEVERAGE_BEV_SPIRITS,,,,,Rum,,,,,2023-10-23T16:11:38+02:00,2022,2022-01-01T00:00:00+01:00,2022-12-31T00:00:00+01:00
SYR,EMR,2018,0.1,0.4,0.2,5342149,TAXBEV_MOSTSOLDSPIRIT,COUNTRY,YEAR,EMR,Eastern Mediterranean,BEVERAGETYPE,BEVERAGETYPE_ALCOHOLIC,2022,BEVERAGE,BEVERAGE_BEV_SPIRITS,,,,,,,,,,2023-10-23T16:11:39+02:00,2022,2022-01-01T00:00:00+01:00,2022-12-31T00:00:00+01:00
TCD,AFR,2018,0.5,2.3,1.4,5342150,TAXBEV_MOSTSOLDSPIRIT,COUNTRY,YEAR,AFR,Africa,BEVERAGETYPE,BEVERAGETYPE_ALCOHOLIC,2022,BEVERAGE,BEVERAGE_BEV_SPIRITS,,,,,,,,,,2023-10-23T16:11:38+02:00,2022,2022-01-01T00:00:00+01:00,2022-12-31T00:00:00+01:00
TGO,AFR,2018,1.0,3.9,2.5,5342151,TAXBEV_MOSTSOLDSPIRIT,COUNTRY,YEAR,AFR,Africa,BEVERAGETYPE,BEVERAGETYPE_ALCOHOLIC,2022,BEVERAGE,BEVERAGE_BEV_SPIRITS,,,,,Whisky,,,,,2023-10-23T16:11:38+02:00,2022,2022-01-01T00:00:00+01:00,2022-12-31T00:00:00+01:00
THA,SEAR,2018,3.5,13.4,8.3,5342152,TAXBEV_MOSTSOLDSPIRIT,COUNTRY,YEAR,SEAR,South-East Asia,BEVERAGETYPE,BEVERAGETYPE_ALCOHOLIC,2022,BEVERAGE,BEVERAGE_BEV_SPIRITS,,,,,White Spirits,,,,,2023-10-23T16:11:40+02:00,2022,2022-01-01T00:00:00+01:00,2022-12-31T00:00:00+01:00
TJK,EUR,2018,1.0,5.6,3.3,5342153,TAXBEV_MOSTSOLDSPIRIT,COUNTRY,YEAR,EUR,Europe,BEVERAGETYPE,BEVERAGETYPE_ALCOHOLIC,2022,BEVERAGE,BEVERAGE_BEV_SPIRITS,,,,,,,,,,2023-10-23T16:11:39+02:00,2022,2022-01-01T00:00:00+01:00,2022-12-31T00:00:00+01:00
TKM,EUR,2018,1.7,8.4,4.9,5342154,TAXBEV_MOSTSOLDSPIRIT,COUNTRY,YEAR,EUR,Europe,BEVERAGETYPE,BEVERAGETYPE_ALCOHOLIC,2022,BEVERAGE,BEVERAGE_BEV_SPIRITS,,,,,,,,,,2023-10-23T16:11:39+02:00,2022,2022-01-01T00:00:00+01:00,2022-12-31T00:00:00+01:00
TLS,SEAR,2018,0.9,3.4,2.2,5342155,TAXBEV_MOSTSOLDSPIRIT,COUNTRY,YEAR,SEAR,South-East Asia,BEVERAGETYPE,BEVERAGETYPE_ALCOHOLIC,2022,BEVERAGE,BEVERAGE_BEV_SPIRITS,,,,,,,,,,2023-10-23T16:11:40+02:00,2022,2022-01-01T00:00:00+01:00,2022-12-31T00:00:00+01:00
TON,WPR,2018,0.3,1.3,0.8,5342156,TAXBEV_MOSTSOLDSPIRIT,COUNTRY,YEAR,WPR,Western Pacific,BEVERAGETYPE,BEVERAGETYPE_ALCOHOLIC,2022,BEVERAGE,BEVERAGE_BEV_SPIRITS,,,,,Gin,,,,Retail price collected as of 31 January 2023.,2023-10-23T16:11:40+02:00,2022,2022-01-01T00:00:00+01:00,2022-12-31T00:00:00+01:00
TTO,AMR,2018,3.0,10.6,6.7,5342157,TAXBEV_MOSTSOLDSPIRIT,COUNTRY,YEAR,AMR,Americas,BEVERAGETYPE,BEVERAGETYPE_ALCOHOLIC,2022,BEVERAGE,BEVERAGE_BEV_SPIRITS,,,,,,,,,,2023-10-23T16:11:38+02:00,2022,2022-01-01T00:00:00+01:00,2022-12-31T00:00:00+01:00
TUN,EMR,2018,0.6,3.8,2.1,5342158,TAXBEV_MOSTSOLDSPIRIT,COUNTRY,YEAR,EMR,Eastern Mediterranean,BEVERAGETYPE,BEVERAGETYPE_ALCOHOLIC,2022,BEVERAGE,BEVERAGE_BEV_SPIRITS,,,,,Vodka,,,,,2023-10-23T16:11:39+02:00,2022,2022-01-01T00:00:00+01:00,2022-12-31T00:00:00+01:00
TUR,EUR,2018,0.6,3.6,2.1,5342159,TAXBEV_MOSTSOLDSPIRIT,COUNTRY,YEAR,EUR,Europe,BEVERAGETYPE,BEVERAGETYPE_ALCOHOLIC,2022,BEVERAGE,BEVERAGE_BEV_SPIRITS,,,,,Raki,,,,,2023-10-23T16:11:39+02:00,2022,2022-01-01T00:00:00+01:00,2022-12-31T00:00:00+01:00
TUV,WPR,2018,0.5,2.5,1.5,5342160,TAXBEV_MOSTSOLDSPIRIT,COUNTRY,YEAR,WPR,Western Pacific,BEVERAGETYPE,BEVERAGETYPE_ALCOHOLIC,2022,BEVERAGE,BEVERAGE_BEV_SPIRITS,,,,,,,,,,2023-10-23T16:11:40+02:00,2022,2022-01-01T00:00:00+01:00,2022-12-31T00:00:00+01:00
TZA,AFR,2018,4.1,18.8,11.3,5342161,TAXBEV_MOSTSOLDSPIRIT,COUNTRY,YEAR,AFR,Africa,BEVERAGETYPE,BEVERAGETYPE_ALCOHOLIC,2022,BEVERAGE,BEVERAGE_BEV_SPIRITS,,,,,Distilled spirit,,,,,2023-10-23T16:11:38+02:00,2022,2022-01-01T00:00:00+01:00,2022-12-31T00:00:00+01:00
UGA,AFR,2018,5.9,24.6,15.1,5342162,TAXBEV_MOSTSOLDSPIRIT,COUNTRY,YEAR,AFR,Africa,BEVERAGETYPE,BEVERAGETYPE_ALCOHOLIC,2022,BEVERAGE,BEVERAGE_BEV_SPIRITS,,,,,Gin,,,,,2023-10-23T16:11:38+02:00,2022,2022-01-01T00:00:00+01:00,2022-12-31T00:00:00+01:00
UKR,EUR,2018,3.7,14.0,8.3,5342163,TAXBEV_MOSTSOLDSPIRIT,COUNTRY,YEAR,EUR,Europe,BEVERAGETYPE,BEVERAGETYPE_ALCOHOLIC,2022,BEVERAGE,BEVERAGE_BEV_SPIRITS,,,,,Vodka,,,,,2023-10-23T16:11:39+02:00,2022,2022-01-01T00:00:00+01:00,2022-12-31T00:00:00+01:00
URY,AMR,2018,3.4,10.8,6.9,5342164,TAXBEV_MOSTSOLDSPIRIT,COUNTRY,YEAR,AMR,Americas,BEVERAGETYPE,BEVERAGETYPE_ALCOHOLIC,2022,BEVERAGE,BEVERAGE_BEV_SPIRITS,,,,,Whisky,,,,,2023-10-23T16:11:38+02:00,2022,2022-01-01T00:00:00+01:00,2022-12-31T00:00:00+01:00
USA,AMR,2018,4.6,15.3,9.9,5342165,TAXBEV_MOSTSOLDSPIRIT,COUNTRY,YEAR,AMR,Americas,BEVERAGETYPE,BEVERAGETYPE_ALCOHOLIC,2022,BEVERAGE,BEVERAGE_BEV_SPIRITS,,,,,,,,,,2023-10-23T16:11:38+02:00,2022,2022-01-01T00:00:00+01:00,2022-12-31T00:00:00+01:00
UZB,EUR,2018,0.8,4.5,2.6,5342166,TAXBEV_MOSTSOLDSPIRIT,COUNTRY,YEAR,EUR,Europe,BEVERAGETYPE,BEVERAGETYPE_ALCOHOLIC,2022,BEVERAGE,BEVERAGE_BEV_SPIRITS,,,,,Vodka,,,,,2023-10-23T16:11:39+02:00,2022,2022-01-01T00:00:00+01:00,2022-12-31T00:00:00+01:00
VCT,AMR,2018,3.7,14.4,9.1,5342167,TAXBEV_MOSTSOLDSPIRIT,COUNTRY,YEAR,AMR,Americas,BEVERAGETYPE,BEVERAGETYPE_ALCOHOLIC,2022,BEVERAGE,BEVERAGE_BEV_SPIRITS,,,,,Rum,,,,,2023-10-23T16:11:38+02:00,2022,2022-01-01T00:00:00+01:00,2022-12-31T00:00:00+01:00
VEN,AMR,2018,1.8,6.6,4.1,5342168,TAXBEV_MOSTSOLDSPIRIT,COUNTRY,YEAR,AMR,Americas,BEVERAGETYPE,BEVERAGETYPE_ALCOHOLIC,2022,BEVERAGE,BEVERAGE_BEV_SPIRITS,,,,,Liqueur,,,,,2023-10-23T16:11:38+02:00,2022,2022-01-01T00:00:00+01:00,2022-12-31T00:00:00+01:00
VNM,WPR,2018,3.5,14.1,8.7,5342169,TAXBEV_MOSTSOLDSPIRIT,COUNTRY,YEAR,WPR,Western Pacific,BEVERAGETYPE,BEVERAGETYPE_ALCOHOLIC,2022,BEVERAGE,BEVERAGE_BEV_SPIRITS,,,,,,,,,,2023-10-23T16:11:40+02:00,2022,2022-01-01T00:00:00+01:00,2022-12-31T00:00:00+01:00
VUT,WPR,2018,0.8,3.7,2.3,5342170,TAXBEV_MOSTSOLDSPIRIT,COUNTRY,YEAR,WPR,Western Pacific,BEVERAGETYPE,BEVERAGETYPE_ALCOHOLIC,2022,BEVERAGE,BEVERAGE_BEV_SPIRITS,,,,,,,,,,2023-10-23T16:11:40+02:00,2022,2022-01-01T00:00:00+01:00,2022-12-31T00:00:00+01:00
WSM,WPR,2018,0.9,4.3,2.7,5342171,TAXBEV_MOSTSOLDSPIRIT,COUNTRY,YEAR,WPR,Western Pacific,BEVERAGETYPE,BEVERAGETYPE_ALCOHOLIC,2022,BEVERAGE,BEVERAGE_BEV_SPIRITS,,,,,,,,,,2023-10-23T16:11:40+02:00,2022,2022-01-01T00:00:00+01:00,2022-12-31T00:00:00+01:00
YEM,EMR,2018,0.0,0.1,0.1,5342172,TAXBEV_MOSTSOLDSPIRIT,COUNTRY,YEAR,EMR,Eastern Mediterranean,BEVERAGETYPE,BEVERAGETYPE_ALCOHOLIC,2022,BEVERAGE,BEVERAGE_BEV_SPIRITS,,,,,,,,,,2023-10-23T16:11:39+02:00,2022,2022-01-01T00:00:00+01:00,2022-12-31T00:00:00+01:00
ZAF,AFR,2018,3.5,15.9,9.5,5342173,TAXBEV_MOSTSOLDSPIRIT,COUNTRY,YEAR,AFR,Africa,BEVERAGETYPE,BEVERAGETYPE_ALCOHOLIC,2022,BEVERAGE,BEVERAGE_BEV_SPIRITS,,,,,Vodka,,,,,2023-10-23T16:11:38+02:00,2022,2022-01-01T00:00:00+01:00,2022-12-31T00:00:00+01:00
ZMB,AFR,2018,2.6,10.6,6.5,5342174,TAXBEV_MOSTSOLDSPIRIT,COUNTRY,YEAR,AFR,Africa,BEVERAGETYPE,BEVERAGETYPE_ALCOHOLIC,2022,BEVERAGE,BEVERAGE_BEV_SPIRITS,,,,,Whisky,,,,,2023-10-23T16:11:38+02:00,2022,2022-01-01T00:00:00+01:00,2022-12-31T00:00:00+01:00
ZWE,AFR,2018,1.6,8.0,4.7,5342175,TAXBEV_MOSTSOLDSPIRIT,COUNTRY,YEAR,AFR,Africa,BEVERAGETYPE,BEVERAGETYPE_ALCOHOLIC,2022,BEVERAGE,BEVERAGE_BEV_SPIRITS,,,,,Brandy,,,,,2023-10-23T16:11:38+02:00,2022,2022-01-01T00:00:00+01:00,2022-12-31T00:00:00+01:00
